commonName,latinName,family,order
Black-bellied Whistling-Duck,Dendrocygna autumnalis ,Anatidae,Anseriformes
Fulvous Whistling-Duck,Dendrocygna bicolor ,Anatidae,Anseriformes
Emperor Goose,Anser canagicus ,Anatidae,Anseriformes
Snow Goose,Anser caerulescens,Anatidae,Anseriformes
Ross's Goose,Anser rossii,Anatidae,Anseriformes
Greater White-fronted Goose,Anser albifrons,Anatidae,Anseriformes
Tundra Bean-Goose,Anser serrirostris ,Anatidae,Anseriformes
Brant,Branta bernicla,Anatidae,Anseriformes
Cackling Goose,Branta hutchinsii,Anatidae,Anseriformes
Canada Goose,Branta canadensis,Anatidae,Anseriformes
Trumpeter Swan,Cygnus buccinator - P,Anatidae,Anseriformes
Tundra Swan,Cygnus columbianus,Anatidae,Anseriformes
Whooper Swan,Cygnus cygnus ,Anatidae,Anseriformes
Wood Duck,Aix sponsa,Anatidae,Anseriformes
Baikal Teal,Sibirionetta formosa ,Anatidae,Anseriformes
Garganey,Spatula querquedula ,Anatidae,Anseriformes
Blue-winged Teal,Spatula discors,Anatidae,Anseriformes
Cinnamon Teal,Spatula cyanoptera,Anatidae,Anseriformes
Northern Shoveler,Spatula clypeata,Anatidae,Anseriformes
Gadwall,Mareca strepera,Anatidae,Anseriformes
Falcated Duck,Mareca falcata ,Anatidae,Anseriformes
Eurasian Wigeon,Mareca penelope,Anatidae,Anseriformes
American Wigeon,Mareca americana,Anatidae,Anseriformes
Mallard,Anas platyrhynchos,Anatidae,Anseriformes
American Black Duck,Anas rubripes ,Anatidae,Anseriformes
Northern Pintail,Anas acuta,Anatidae,Anseriformes
Green-winged Teal,Anas crecca,Anatidae,Anseriformes
Canvasback,Aythya valisineria,Anatidae,Anseriformes
Redhead,Aythya americana,Anatidae,Anseriformes
Common Pochard,Aythya ferina ,Anatidae,Anseriformes
Ring-necked Duck,Aythya collaris,Anatidae,Anseriformes
Tufted Duck,Aythya fuligula,Anatidae,Anseriformes
Greater Scaup,Aythya marila,Anatidae,Anseriformes
Lesser Scaup,Aythya affinis,Anatidae,Anseriformes
Steller's Eider,Polysticta stelleri ,Anatidae,Anseriformes
King Eider,Somateria spectabilis ,Anatidae,Anseriformes
Common Eider,Somateria mollissima ,Anatidae,Anseriformes
Harlequin Duck,Histrionicus histrionicus,Anatidae,Anseriformes
Surf Scoter,Melanitta perspicillata,Anatidae,Anseriformes
White-winged Scoter,Melanitta deglandi,Anatidae,Anseriformes
Common Scoter,Melanitta nigra ,Anatidae,Anseriformes
Black Scoter,Melanitta americana,Anatidae,Anseriformes
Long-tailed Duck,Clangula hyemalis,Anatidae,Anseriformes
Bufflehead,Bucephala albeola,Anatidae,Anseriformes
Common Goldeneye,Bucephala clangula,Anatidae,Anseriformes
Barrow's Goldeneye,Bucephala islandica,Anatidae,Anseriformes
Smew,Mergellus albellus V,Anatidae,Anseriformes
Hooded Merganser,Lophodytes cucullatus,Anatidae,Anseriformes
Common Merganser,Mergus merganser,Anatidae,Anseriformes
Red-breasted Merganser,Mergus serrator,Anatidae,Anseriformes
Ruddy Duck,Oxyura jamaicensis,Anatidae,Anseriformes
Mountain Quail,Oreortyx pictus,Gallinaceous,Odontophoridae
California Quail,Callipepla californica,Gallinaceous,Odontophoridae
Gambel's Quail,Callipepla gambelii,Gallinaceous,Odontophoridae
Wild Turkey,Meleagris gallopavo ,Gallinaceous,Odontophoridae
Ruffed Grouse,Bonasa umbellus,Gallinaceous,Odontophoridae
White-tailed Ptarmigan,Lagopus leucura P,Gallinaceous,Odontophoridae
Greater Sage-Grouse,Centrocercus urophasianus,Gallinaceous,Odontophoridae
Sooty Grouse,Dendragapus fuliginosus,Gallinaceous,Odontophoridae
Sharp-tailed Grouse,Tympanuchus phasianellus - E,Gallinaceous,Odontophoridae
Ring-necked Pheasant,Phasianus colchicus ,Gallinaceous,Odontophoridae
Chukar,Alectoris chukar ,Gallinaceous,Odontophoridae
Least Grebe,Tachybaptus dominicus ,Podicipedidae,Podicipediformes
Pied-billed Grebe,Podilymbus podiceps,Podicipedidae,Podicipediformes
Horned Grebe,Podiceps auritus,Podicipedidae,Podicipediformes
Red-necked Grebe,Podiceps grisegena,Podicipedidae,Podicipediformes
Eared Grebe,Podiceps nigricollis,Podicipedidae,Podicipediformes
Western Grebe,Aechmophorus occidentalis,Podicipedidae,Podicipediformes
Clark's Grebe,Aechmophorus clarkii,Podicipedidae,Podicipediformes
Rock Pigeon,Columba livia ,columbidae,columbiformes
Band-tailed Pigeon,Patagioenas fasciata,columbidae,columbiformes
Oriental Turtle-Dove,Streptopelia orientalis V,columbidae,columbiformes
Eurasian Collared-Dove,Streptopelia decaocto ,columbidae,columbiformes
Spotted Dove,Streptopelia chinensis ,columbidae,columbiformes
Inca Dove,Columbina inca,columbidae,columbiformes
Common Ground Dove,Columbina passerina,columbidae,columbiformes
Ruddy Ground Dove,Columbina talpacoti ,columbidae,columbiformes
White-winged Dove,Zenaida asiatica,columbidae,columbiformes
Mourning Dove,Zenaida macroura,columbidae,columbiformes
Groove-billed Ani,Crotophaga sulcirostris ,cuculidae,cuculiformes
Greater Roadrunner,Geococcyx californianus,cuculidae,cuculiformes
Common Cuckoo,Cuculus canorus V,cuculidae,cuculiformes
Yellow-billed Cuckoo,Coccyzus americanus,cuculidae,cuculiformes
Black-billed Cuckoo,Coccyzus erythropthalmus ,cuculidae,cuculiformes
Lesser Nighthawk,Chordeiles acutipennis,caprimulgidae,caprimulgiformes
Common Nighthawk,Chordeiles minor,caprimulgidae,caprimulgiformes
Common Poorwill,Phalaenoptilus nuttallii,caprimulgidae,caprimulgiformes
Chuck-will's-widow,Antrostomus carolinensis ,caprimulgidae,caprimulgiformes
Buff-collared Nightjar,Antrostomus ridgwayi ,caprimulgidae,caprimulgiformes
Eastern Whip-poor-will,Antrostomus vociferus A,caprimulgidae,caprimulgiformes
Mexican Whip-poor-will,Antrostomus arizonae,caprimulgidae,caprimulgiformes
Black Swift,Cypseloides niger,apodidae,apodiformes
White-collared Swift,Streptoprocne zonaris S,apodidae,apodiformes
Chimney Swift,Chaetura pelagica,apodidae,apodiformes
Vaux's Swift,Chaetura vauxi,apodidae,apodiformes
Common Swift,Apus apus ,apodidae,apodiformes
White-throated Swift,Aeronautes saxatalis,apodidae,apodiformes
Mexican Violetear,Colibri thalassinus ,Trochilidae,apodiformes
Rivoli's Hummingbird,Eugenes fulgens ,Trochilidae,apodiformes
Blue-throated Mountain-gem,Lampornis clemenciae ,Trochilidae,apodiformes
Ruby-throated Hummingbird,Archilochus colubris ,Trochilidae,apodiformes
Black-chinned Hummingbird,Archilochus alexandri,Trochilidae,apodiformes
Anna's Hummingbird,Calypte anna,Trochilidae,apodiformes
Costa's Hummingbird,Calypte costae,Trochilidae,apodiformes
Calliope Hummingbird,Selasphorus calliope,Trochilidae,apodiformes
Rufous Hummingbird,Selasphorus rufus,Trochilidae,apodiformes
Allen's Hummingbird,Selasphorus sasin,Trochilidae,apodiformes
Broad-tailed Hummingbird,Selasphorus platycercus,Trochilidae,apodiformes
Broad-billed Hummingbird,Cynanthus latirostris ,Trochilidae,apodiformes
Xantus's Hummingbird,Basilinna xantusii ,Trochilidae,apodiformes
Violet-crowned Hummingbird,Leucolia violiceps ,Trochilidae,apodiformes
Ridgway's Rail,Rallus obsoletus,Rallidae,Gruiformes
Virginia Rail,Rallus limicola,Rallidae,Gruiformes
Sora,Porzana carolina,Rallidae,Gruiformes
Common Gallinule,Gallinula galeata,Rallidae,Gruiformes
American Coot,Fulica americana,Rallidae,Gruiformes
Purple Gallinule,Porphyrio martinicus ,Rallidae,Gruiformes
Yellow Rail,Coturnicops noveboracensis,Rallidae,Gruiformes
Black Rail,Laterallus jamaicensis,Rallidae,Gruiformes
Sandhill Crane,Antigone canadensis,Gruidae,Gruiformes
Common Crane,Grus grus ,Gruidae,Gruiformes
Black-necked Stilt,Himantopus mexicanus,Recurvirostridae,Charadriiformes
American Avocet,Recurvirostra americana,Recurvirostridae,Charadriiformes
American Oystercatcher,Haematopus palliatus,Haematopodidae,Charadriiformes
Black Oystercatcher,Haematopus bachmani,Haematopodidae,Charadriiformes
Black-bellied Plover,Pluvialis squatarola,Charadriidae,Charadriiformes
American Golden-Plover,Pluvialis dominica,Charadriidae,Charadriiformes
Pacific Golden-Plover,Pluvialis fulva,Charadriidae,Charadriiformes
Eurasian Dotterel,Charadrius morinellus V,Charadriidae,Charadriiformes
Killdeer,Charadrius vociferus,Charadriidae,Charadriiformes
Common Ringed Plover,Charadrius hiaticula VA,Charadriidae,Charadriiformes
Semipalmated Plover,Charadrius semipalmatus,Charadriidae,Charadriiformes
Piping Plover,Charadrius melodus ,Charadriidae,Charadriiformes
Lesser Sand-Plover,Charadrius mongolus ,Charadriidae,Charadriiformes
Greater Sand-Plover,Charadrius leschenaultii V,Charadriidae,Charadriiformes
Wilson's Plover,Charadrius wilsonia ,Charadriidae,Charadriiformes
Mountain Plover,Charadrius montanus,Charadriidae,Charadriiformes
Snowy Plover,Charadrius nivosus,Charadriidae,Charadriiformes
Upland Sandpiper,Bartramia longicauda ,Scolopacidae,Charadriiformes
Bristle-thighed Curlew,Numenius tahitiensis V,Scolopacidae,Charadriiformes
Whimbrel,Numenius phaeopus,Scolopacidae,Charadriiformes
Little Curlew,Numenius minutus ,Scolopacidae,Charadriiformes
Long-billed Curlew,Numenius americanus,Scolopacidae,Charadriiformes
Bar-tailed Godwit,Limosa lapponica ,Scolopacidae,Charadriiformes
Hudsonian Godwit,Limosa haemastica ,Scolopacidae,Charadriiformes
Marbled Godwit,Limosa fedoa,Scolopacidae,Charadriiformes
Ruddy Turnstone,Arenaria interpres,Scolopacidae,Charadriiformes
Black Turnstone,Arenaria melanocephala,Scolopacidae,Charadriiformes
Red Knot,Calidris canutus,Scolopacidae,Charadriiformes
Surfbird,Calidris virgata,Scolopacidae,Charadriiformes
Ruff,Calidris pugnax,Scolopacidae,Charadriiformes
Sharp-tailed Sandpiper,Calidris acuminata,Scolopacidae,Charadriiformes
Stilt Sandpiper,Calidris himantopus,Scolopacidae,Charadriiformes
Curlew Sandpiper,Calidris ferruginea ,Scolopacidae,Charadriiformes
Long-toed Stint,Calidris subminuta ,Scolopacidae,Charadriiformes
Red-necked Stint,Calidris ruficollis ,Scolopacidae,Charadriiformes
Sanderling,Calidris alba,Scolopacidae,Charadriiformes
Dunlin,Calidris alpina,Scolopacidae,Charadriiformes
Rock Sandpiper,Calidris ptilocnemis,Scolopacidae,Charadriiformes
Purple Sandpiper,Calidris maritima V,Scolopacidae,Charadriiformes
Baird's Sandpiper,Calidris bairdii,Scolopacidae,Charadriiformes
Little Stint,Calidris minuta ,Scolopacidae,Charadriiformes
Least Sandpiper,Calidris minutilla,Scolopacidae,Charadriiformes
White-rumped Sandpiper,Calidris fuscicollis ,Scolopacidae,Charadriiformes
Buff-breasted Sandpiper,Calidris subruficollis,Scolopacidae,Charadriiformes
Pectoral Sandpiper,Calidris melanotos,Scolopacidae,Charadriiformes
Semipalmated Sandpiper,Calidris pusilla,Scolopacidae,Charadriiformes
Western Sandpiper,Calidris mauri,Scolopacidae,Charadriiformes
Short-billed Dowitcher,Limnodromus griseus,Scolopacidae,Charadriiformes
Long-billed Dowitcher,Limnodromus scolopaceus,Scolopacidae,Charadriiformes
Jack Snipe,Lymnocryptes minimus ,Scolopacidae,Charadriiformes
American Woodcock,Scolopax minor ,Scolopacidae,Charadriiformes
Common Snipe,Gallinago gallinago ,Scolopacidae,Charadriiformes
Wilson's Snipe,Gallinago delicata,Scolopacidae,Charadriiformes
Terek Sandpiper,Xenus cinereus V,Scolopacidae,Charadriiformes
Spotted Sandpiper,Actitis macularius,Scolopacidae,Charadriiformes
Solitary Sandpiper,Tringa solitaria,Scolopacidae,Charadriiformes
Gray-tailed Tattler,Tringa brevipes ,Scolopacidae,Charadriiformes
Wandering Tattler,Tringa incana,Scolopacidae,Charadriiformes
Lesser Yellowlegs,Tringa flavipes,Scolopacidae,Charadriiformes
Willet,Tringa semipalmata,Scolopacidae,Charadriiformes
Spotted Redshank,Tringa erythropus ,Scolopacidae,Charadriiformes
Common Greenshank,Tringa nebularia V,Scolopacidae,Charadriiformes
Greater Yellowlegs,Tringa melanoleuca,Scolopacidae,Charadriiformes
Wood Sandpiper,Tringa glareola ,Scolopacidae,Charadriiformes
Marsh Sandpiper,Tringa stagnatilis ,Scolopacidae,Charadriiformes
Wilson's Phalarope,Phalaropus tricolor,Scolopacidae,Charadriiformes
Red-necked Phalarope,Phalaropus lobatus,Scolopacidae,Charadriiformes
Red Phalarope,Phalaropus fulicarius,Scolopacidae,Charadriiformes
South Polar Skua,Stercorarius maccormicki,Stercorariidae,Charadriiformes
Pomarine Jaeger,Stercorarius pomarinus,Stercorariidae,Charadriiformes
Parasitic Jaeger,Stercorarius parasiticus,Stercorariidae,Charadriiformes
Long-tailed Jaeger,Stercorarius longicaudus,Stercorariidae,Charadriiformes
Common Murre,Uria aalge,Alcidae,Charadriiformes
Thick-billed Murre,Uria lomvia ,Alcidae,Charadriiformes
Pigeon Guillemot,Cepphus columba,Alcidae,Charadriiformes
Long-billed Murrelet,Brachyramphus perdix ,Alcidae,Charadriiformes
Marbled Murrelet,Brachyramphus marmoratus,Alcidae,Charadriiformes
Kittlitz's Murrelet,Brachyramphus brevirostris ,Alcidae,Charadriiformes
Scripps's Murrelet,Synthliboramphus scrippsi,Alcidae,Charadriiformes
Guadalupe Murrelet,Synthliboramphus hypoleucus,Alcidae,Charadriiformes
Craveri's Murrelet,Synthliboramphus craveri,Alcidae,Charadriiformes
Ancient Murrelet,Synthliboramphus antiquus,Alcidae,Charadriiformes
Cassin's Auklet,Ptychoramphus aleuticus,Alcidae,Charadriiformes
Parakeet Auklet,Aethia psittacula,Alcidae,Charadriiformes
Least Auklet,Aethia pusilla ,Alcidae,Charadriiformes
Crested Auklet,Aethia cristatella ,Alcidae,Charadriiformes
Rhinoceros Auklet,Cerorhinca monocerata,Alcidae,Charadriiformes
Horned Puffin,Fratercula corniculata,Alcidae,Charadriiformes
Tufted Puffin,Fratercula cirrhata,Alcidae,Charadriiformes
Swallow-tailed Gull,Creagrus furcatus ,Laridae,Charadriiformes
Black-legged Kittiwake,Rissa tridactyla,Laridae,Charadriiformes
Red-legged Kittiwake,Rissa brevirostris ,Laridae,Charadriiformes
Ivory Gull,Pagophila eburnea ,Laridae,Charadriiformes
Sabine's Gull,Xema sabini,Laridae,Charadriiformes
Bonaparte's Gull,Chroicocephalus philadelphia,Laridae,Charadriiformes
Black-headed Gull,Chroicocephalus ridibundus ,Laridae,Charadriiformes
Little Gull,Hydrocoloeus minutus,Laridae,Charadriiformes
Ross's Gull,Rhodostethia rosea ,Laridae,Charadriiformes
Laughing Gull,Leucophaeus atricilla,Laridae,Charadriiformes
Franklin's Gull,Leucophaeus pipixcan,Laridae,Charadriiformes
Belcher's Gull,Larus belcheri V,Laridae,Charadriiformes
Black-tailed Gull,Larus crassirostris ,Laridae,Charadriiformes
Heermann's Gull,Larus heermanni,Laridae,Charadriiformes
Mew Gull,Larus canus,Laridae,Charadriiformes
Ring-billed Gull,Larus delawarensis,Laridae,Charadriiformes
Western Gull,Larus occidentalis,Laridae,Charadriiformes
Yellow-footed Gull,Larus livens,Laridae,Charadriiformes
California Gull,Larus californicus,Laridae,Charadriiformes
Herring Gull,Larus argentatus,Laridae,Charadriiformes
Iceland Gull,Larus glaucoides,Laridae,Charadriiformes
Lesser Black-backed Gull,Larus fuscus,Laridae,Charadriiformes
Slaty-backed Gull,Larus schistisagus ,Laridae,Charadriiformes
Glaucous-winged Gull,Larus glaucescens,Laridae,Charadriiformes
Glaucous Gull,Larus hyperboreus,Laridae,Charadriiformes
Great Black-backed Gull,Larus marinus ,Laridae,Charadriiformes
Kelp Gull,Larus dominicanus ,Laridae,Charadriiformes
Sooty Tern,Onychoprion fuscatus ,Laridae,Charadriiformes
Bridled Tern,Onychoprion anaethetus ,Laridae,Charadriiformes
Least Tern,Sternula antillarum,Laridae,Charadriiformes
Gull-billed Tern,Gelochelidon nilotica,Laridae,Charadriiformes
Caspian Tern,Hydroprogne caspia,Laridae,Charadriiformes
Black Tern,Chlidonias niger,Laridae,Charadriiformes
White-winged Tern,Chlidonias leucopterus V,Laridae,Charadriiformes
Common Tern,Sterna hirundo,Laridae,Charadriiformes
Arctic Tern,Sterna paradisaea,Laridae,Charadriiformes
Forster's Tern,Sterna forsteri,Laridae,Charadriiformes
Royal Tern,Thalasseus maximus,Laridae,Charadriiformes
Sandwich Tern,Thalasseus sandvicensis ,Laridae,Charadriiformes
Elegant Tern,Thalasseus elegans,Laridae,Charadriiformes
Black Skimmer,Rynchops niger,Laridae,Charadriiformes
White-tailed Tropicbird,Phaethon lepturus ,Phaethontidae,Phaethontiformes
Red-billed Tropicbird,Phaethon aethereus,Phaethontidae,Phaethontiformes
Red-tailed Tropicbird,Phaethon rubricauda ,Phaethontidae,Phaethontiformes
Red-throated Loon,Gavia stellata,Gaviidae,Gaviiformes
Arctic Loon,Gavia arctica ,Gaviidae,Gaviiformes
Pacific Loon,Gavia pacifica,Gaviidae,Gaviiformes
Common Loon,Gavia immer,Gaviidae,Gaviiformes
Yellow-billed Loon,Gavia adamsii ,Gaviidae,Gaviiformes
White-capped Albatross,Thalassarche cauta ,Diomedeidae,Procellariiformes
Chatham Albatross,Thalassarche eremita ,Diomedeidae,Procellariiformes
Salvin's Albatross,Thalassarche salvini ,Diomedeidae,Procellariiformes
Light-mantled Albatross,Phoebetria palpebrata V,Diomedeidae,Procellariiformes
Wandering Albatross,Diomedea exulans ,Diomedeidae,Procellariiformes
Laysan Albatross,Phoebastria immutabilis,Diomedeidae,Procellariiformes
Black-footed Albatross,Phoebastria nigripes,Diomedeidae,Procellariiformes
Short-tailed Albatross,Phoebastria albatrus ,Diomedeidae,Procellariiformes
Wilson's Storm-Petrel,Oceanites oceanicus,Oceanitidae,Procellariiformes
Fork-tailed Storm-Petrel,Hydrobates furcatus,Hydrobatidae,Procellariiformes
Ringed Storm-Petrel,Hydrobates hornbyi ,Hydrobatidae,Procellariiformes
Leach's Storm-Petrel,Hydrobates leucorhous,Hydrobatidae,Procellariiformes
Townsend's Storm-Petrel,Hydrobates socorroensis,Hydrobatidae,Procellariiformes
Ashy Storm-Petrel,Hydrobates homochroa,Hydrobatidae,Procellariiformes
Band-rumped Storm-Petrel,Hydrobates castro ,Hydrobatidae,Procellariiformes
Wedge-rumped Storm-Petrel,Hydrobates tethys ,Hydrobatidae,Procellariiformes
Black Storm-Petrel,Hydrobates melania,Hydrobatidae,Procellariiformes
Tristram's Storm-Petrel,Hydrobates tristrami ,Hydrobatidae,Procellariiformes
Least Storm-Petrel,Hydrobates microsoma,Hydrobatidae,Procellariiformes
Northern Fulmar,Fulmarus glacialis,Procellariidae,Procellariiformes
Gray-faced Petrel,Pterodroma gouldi V,Procellariidae,Procellariiformes
Kermadec Petrel,Pterodroma neglecta ,Procellariidae,Procellariiformes
Murphy's Petrel,Pterodroma ultima,Procellariidae,Procellariiformes
Mottled Petrel,Pterodroma inexpectata,Procellariidae,Procellariiformes
Hawaiian Petrel,Pterodroma sandwichensis ,Procellariidae,Procellariiformes
Cook's Petrel,Pterodroma cookii,Procellariidae,Procellariiformes
Stejneger's Petrel,Pterodroma longirostris ,Procellariidae,Procellariiformes
Bulwer's Petrel,Bulweria bulwerii ,Procellariidae,Procellariiformes
Jouanin's Petrel,Bulweria fallax ,Procellariidae,Procellariiformes
White-chinned Petrel,Procellaria aequinoctialis V,Procellariidae,Procellariiformes
Parkinson's Petrel,Procellaria parkinsoni ,Procellariidae,Procellariiformes
Streaked Shearwater,Calonectris leucomelas ,Procellariidae,Procellariiformes
Cory's Shearwater,Calonectris diomedea ,Procellariidae,Procellariiformes
Wedge-tailed Shearwater,Ardenna pacifica ,Procellariidae,Procellariiformes
Buller's Shearwater,Ardenna bulleri,Procellariidae,Procellariiformes
Short-tailed Shearwater,Ardenna tenuirostris,Procellariidae,Procellariiformes
Sooty Shearwater,Ardenna grisea,Procellariidae,Procellariiformes
Great Shearwater,Ardenna gravis ,Procellariidae,Procellariiformes
Pink-footed Shearwater,Ardenna creatopus,Procellariidae,Procellariiformes
Flesh-footed Shearwater,Ardenna carneipes,Procellariidae,Procellariiformes
Manx Shearwater,Puffinus puffinus ,Procellariidae,Procellariiformes
Newell's Shearwater,Puffinus newelli ,Procellariidae,Procellariiformes
Black-vented Shearwater,Puffinus opisthomelas,Procellariidae,Procellariiformes
Wood Stork,Mycteria americana ,Ciconiidae,Ciconiiformes
Lesser Frigatebird,Fregata ariel ,Fregatidae,Suliformes
Magnificent Frigatebird,Fregata magnificens,Fregatidae,Suliformes
Great Frigatebird,Fregata minor ,Fregatidae,Suliformes
Masked Booby,Sula dactylatra ,Sulidae,Suliformes
Nazca Booby,Sula granti,Sulidae,Suliformes
Blue-footed Booby,Sula nebouxii,Sulidae,Suliformes
Brown Booby,Sula leucogaster,Sulidae,Suliformes
Red-footed Booby,Sula sula,Sulidae,Suliformes
Northern Gannet,Morus bassanus ,Sulidae,Suliformes
Anhinga,Anhinga anhinga ,Anhingidae,Suliformes
Brandt's Cormorant,Phalacrocorax penicillatus,Phalacrocoracidae,Suliformes
Pelagic Cormorant,Phalacrocorax pelagicus,Phalacrocoracidae,Suliformes
Double-crested Cormorant,Phalacrocorax auritus,Phalacrocoracidae,Suliformes
Neotropic Cormorant,Phalacrocorax brasilianus - P,Phalacrocoracidae,Suliformes
American White Pelican,Pelecanus erythrorhynchos,Pelecanidae,Pelecaniformes
Brown Pelican,Pelecanus occidentalis,Pelecanidae,Pelecaniformes
American Bittern,Botaurus lentiginosus,Ardeidae,Pelecaniformes
Least Bittern,Ixobrychus exilis,Ardeidae,Pelecaniformes
Great Blue Heron,Ardea herodias,Ardeidae,Pelecaniformes
Great Egret,Ardea alba,Ardeidae,Pelecaniformes
Snowy Egret,Egretta thula,Ardeidae,Pelecaniformes
Little Blue Heron,Egretta caerulea,Ardeidae,Pelecaniformes
Tricolored Heron,Egretta tricolor ,Ardeidae,Pelecaniformes
Reddish Egret,Egretta rufescens,Ardeidae,Pelecaniformes
Cattle Egret,Bubulcus ibis,Ardeidae,Pelecaniformes
Green Heron,Butorides virescens,Ardeidae,Pelecaniformes
Black-crowned Night-Heron,Nycticorax nycticorax,Ardeidae,Pelecaniformes
Yellow-crowned Night-Heron,Nyctanassa violacea,Ardeidae,Pelecaniformes
White Ibis,Eudocimus albus ,Threskiornithidae,Pelecaniformes
Glossy Ibis,Plegadis falcinellus ,Threskiornithidae,Pelecaniformes
White-faced Ibis,Plegadis chihi,Threskiornithidae,Pelecaniformes
Roseate Spoonbill,Platalea ajaja ,Threskiornithidae,Pelecaniformes
California Condor,Gymnogyps californianus - RI,Cathartidae,Cathartiformes
Black Vulture,Coragyps atratus ,Cathartidae,Cathartiformes
Turkey Vulture,Cathartes aura,Cathartidae,Cathartiformes
Osprey,Pandion haliaetus,Pandionidae,Accipitriformes
White-tailed Kite,Elanus leucurus,Accipitridae,Accipitriformes
Swallow-tailed Kite,Elanoides forficatus ,Accipitridae,Accipitriformes
Golden Eagle,Aquila chrysaetos,Accipitridae,Accipitriformes
Northern Harrier,Circus hudsonius,Accipitridae,Accipitriformes
Sharp-shinned Hawk,Accipiter striatus,Accipitridae,Accipitriformes
Cooper's Hawk,Accipiter cooperii,Accipitridae,Accipitriformes
Northern Goshawk,Accipiter gentilis,Accipitridae,Accipitriformes
Bald Eagle,Haliaeetus leucocephalus,Accipitridae,Accipitriformes
Mississippi Kite,Ictinia mississippiensis ,Accipitridae,Accipitriformes
Common Black Hawk,Buteogallus anthracinus ,Accipitridae,Accipitriformes
Harris's Hawk,Parabuteo unicinctus,Accipitridae,Accipitriformes
Gray Hawk,Buteo plagiatus V,Accipitridae,Accipitriformes
Red-shouldered Hawk,Buteo lineatus,Accipitridae,Accipitriformes
Broad-winged Hawk,Buteo platypterus,Accipitridae,Accipitriformes
Swainson's Hawk,Buteo swainsoni,Accipitridae,Accipitriformes
Zone-tailed Hawk,Buteo albonotatus,Accipitridae,Accipitriformes
Red-tailed Hawk,Buteo jamaicensis,Accipitridae,Accipitriformes
Rough-legged Hawk,Buteo lagopus,Accipitridae,Accipitriformes
Ferruginous Hawk,Buteo regalis,Accipitridae,Accipitriformes
Barn Owl,Tyto alba,Tytonidae,Strigiformes
Flammulated Owl,Psiloscops flammeolus,Strigidae,Strigiformes
Western Screech-Owl,Megascops kennicottii,Strigidae,Strigiformes
Great Horned Owl,Bubo virginianus,Strigidae,Strigiformes
Snowy Owl,Bubo scandiacus ,Strigidae,Strigiformes
Northern Pygmy-Owl,Glaucidium gnoma,Strigidae,Strigiformes
Elf Owl,Micrathene whitneyi ,Strigidae,Strigiformes
Burrowing Owl,Athene cunicularia,Strigidae,Strigiformes
Spotted Owl,Strix occidentalis,Strigidae,Strigiformes
Barred Owl,Strix varia,Strigidae,Strigiformes
Great Gray Owl,Strix nebulosa,Strigidae,Strigiformes
Long-eared Owl,Asio otus,Strigidae,Strigiformes
Short-eared Owl,Asio flammeus,Strigidae,Strigiformes
Northern Saw-whet Owl,Aegolius acadicus,Strigidae,Strigiformes
Belted Kingfisher,Megaceryle alcyon,Alcedinidae,Coraciiformes
Eurasian Wryneck,Jynx torquilla ,Picidae,Piciformes
Lewis's Woodpecker,Melanerpes lewis,Picidae,Piciformes
Red-headed Woodpecker,Melanerpes erythrocephalus ,Picidae,Piciformes
Acorn Woodpecker,Melanerpes formicivorus,Picidae,Piciformes
Gila Woodpecker,Melanerpes uropygialis,Picidae,Piciformes
Williamson's Sapsucker,Sphyrapicus thyroideus,Picidae,Piciformes
Yellow-bellied Sapsucker,Sphyrapicus varius,Picidae,Piciformes
Red-naped Sapsucker,Sphyrapicus nuchalis,Picidae,Piciformes
Red-breasted Sapsucker,Sphyrapicus ruber,Picidae,Piciformes
Black-backed Woodpecker,Picoides arcticus,Picidae,Piciformes
Downy Woodpecker,Dryobates pubescens,Picidae,Piciformes
Nuttall's Woodpecker,Dryobates nuttallii,Picidae,Piciformes
Ladder-backed Woodpecker,Dryobates scalaris,Picidae,Piciformes
Hairy Woodpecker,Dryobates villosus,Picidae,Piciformes
White-headed Woodpecker,Dryobates albolarvatus,Picidae,Piciformes
Northern Flicker,Colaptes auratus,Picidae,Piciformes
Gilded Flicker,Colaptes chrysoides,Picidae,Piciformes
Pileated Woodpecker,Dryocopus pileatus,Picidae,Piciformes
Crested Caracara,Caracara cheriway V,Falconidae,Falconiformes
Eurasian Kestrel,Falco tinnunculus ,Falconidae,Falconiformes
American Kestrel,Falco sparverius,Falconidae,Falconiformes
Merlin,Falco columbarius,Falconidae,Falconiformes
Gyrfalcon,Falco rusticolus ,Falconidae,Falconiformes
Peregrine Falcon,Falco peregrinus,Falconidae,Falconiformes
Prairie Falcon,Falco mexicanus,Falconidae,Falconiformes
Yellow-chevroned Parakeet,Brotogeris chiriri ,Psittacidae,Psittaciformes
Red-crowned Parrot,Amazona viridigenalis ,Psittacidae,Psittaciformes
Dusky-capped Flycatcher,Myiarchus tuberculifer,Tyrannidae,Passeriformes
Ash-throated Flycatcher,Myiarchus cinerascens,Tyrannidae,Passeriformes
Nutting's Flycatcher,Myiarchus nuttingi VA,Tyrannidae,Passeriformes
Great Crested Flycatcher,Myiarchus crinitus ,Tyrannidae,Passeriformes
Brown-crested Flycatcher,Myiarchus tyrannulus,Tyrannidae,Passeriformes
Sulphur-bellied Flycatcher,Myiodynastes luteiventris V,Tyrannidae,Passeriformes
Tropical Kingbird,Tyrannus melancholicus,Tyrannidae,Passeriformes
Couch's Kingbird,Tyrannus couchii A,Tyrannidae,Passeriformes
Cassin's Kingbird,Tyrannus vociferans,Tyrannidae,Passeriformes
Thick-billed Kingbird,Tyrannus crassirostris VA,Tyrannidae,Passeriformes
Western Kingbird,Tyrannus verticalis,Tyrannidae,Passeriformes
Eastern Kingbird,Tyrannus tyrannus,Tyrannidae,Passeriformes
Scissor-tailed Flycatcher,Tyrannus forficatus,Tyrannidae,Passeriformes
Fork-tailed Flycatcher,Tyrannus savana ,Tyrannidae,Passeriformes
Olive-sided Flycatcher,Contopus cooperi,Tyrannidae,Passeriformes
Greater Pewee,Contopus pertinax ,Tyrannidae,Passeriformes
Western Wood-Pewee,Contopus sordidulus,Tyrannidae,Passeriformes
Eastern Wood-Pewee,Contopus virens A,Tyrannidae,Passeriformes
Yellow-bellied Flycatcher,Empidonax flaviventris ,Tyrannidae,Passeriformes
Alder Flycatcher,Empidonax alnorum ,Tyrannidae,Passeriformes
Willow Flycatcher,Empidonax traillii,Tyrannidae,Passeriformes
Least Flycatcher,Empidonax minimus,Tyrannidae,Passeriformes
Hammond's Flycatcher,Empidonax hammondii,Tyrannidae,Passeriformes
Gray Flycatcher,Empidonax wrightii,Tyrannidae,Passeriformes
Dusky Flycatcher,Empidonax oberholseri,Tyrannidae,Passeriformes
Pacific-slope Flycatcher,Empidonax difficilis,Tyrannidae,Passeriformes
Cordilleran Flycatcher,Empidonax occidentalis,Tyrannidae,Passeriformes
Buff-breasted Flycatcher,Empidonax fulvifrons ,Tyrannidae,Passeriformes
Black Phoebe,Sayornis nigricans,Tyrannidae,Passeriformes
Eastern Phoebe,Sayornis phoebe,Tyrannidae,Passeriformes
Say's Phoebe,Sayornis saya,Tyrannidae,Passeriformes
Vermilion Flycatcher,Pyrocephalus rubinus,Tyrannidae,Passeriformes
Brown Shrike,Lanius cristatus ,Laniidae,Passeriformes
Loggerhead Shrike,Lanius ludovicianus,Laniidae,Passeriformes
Northern Shrike,Lanius borealis,Laniidae,Passeriformes
White-eyed Vireo,Vireo griseus A,Vireonidae,Passeriformes
Bell's Vireo,Vireo bellii,Vireonidae,Passeriformes
Gray Vireo,Vireo vicinior,Vireonidae,Passeriformes
Hutton's Vireo,Vireo huttoni,Vireonidae,Passeriformes
Yellow-throated Vireo,Vireo flavifrons,Vireonidae,Passeriformes
Cassin's Vireo,Vireo cassinii,Vireonidae,Passeriformes
Blue-headed Vireo,Vireo solitarius ,Vireonidae,Passeriformes
Plumbeous Vireo,Vireo plumbeus,Vireonidae,Passeriformes
Philadelphia Vireo,Vireo philadelphicus,Vireonidae,Passeriformes
Warbling Vireo,Vireo gilvus,Vireonidae,Passeriformes
Red-eyed Vireo,Vireo olivaceus,Vireonidae,Passeriformes
Yellow-green Vireo,Vireo flavoviridis,Vireonidae,Passeriformes
Canada Jay,Perisoreus canadensis,Corvidae,Passeriformes
Pinyon Jay,Gymnorhinus cyanocephalus,Corvidae,Passeriformes
Steller's Jay,Cyanocitta stelleri,Corvidae,Passeriformes
Blue Jay,Cyanocitta cristata ,Corvidae,Passeriformes
Island Scrub-Jay,Aphelocoma insularis,Corvidae,Passeriformes
California Scrub-Jay,Aphelocoma californica,Corvidae,Passeriformes
Woodhouse's Scrub-Jay,Aphelocoma woodhouseii,Corvidae,Passeriformes
Clark's Nutcracker,Nucifraga columbiana,Corvidae,Passeriformes
Black-billed Magpie,Pica hudsonia,Corvidae,Passeriformes
Yellow-billed Magpie,Pica nuttalli,Corvidae,Passeriformes
American Crow,Corvus brachyrhynchos,Corvidae,Passeriformes
Common Raven,Corvus corax,Corvidae,Passeriformes
Eurasian Skylark,Alauda arvensis A,Alaudidae,Passeriformes
Horned Lark,Eremophila alpestris,Alaudidae,Passeriformes
Bank Swallow,Riparia riparia,Hirundinidae,Passeriformes
Tree Swallow,Tachycineta bicolor,Hirundinidae,Passeriformes
Violet-green Swallow,Tachycineta thalassina,Hirundinidae,Passeriformes
Northern Rough-winged Swallow,Stelgidopteryx serripennis,Hirundinidae,Passeriformes
Purple Martin,Progne subis,Hirundinidae,Passeriformes
Barn Swallow,Hirundo rustica,Hirundinidae,Passeriformes
Cliff Swallow,Petrochelidon pyrrhonota,Hirundinidae,Passeriformes
Cave Swallow,Petrochelidon fulva ,Hirundinidae,Passeriformes
Black-capped Chickadee,Poecile atricapillus,Paridae,Passeriformes
Mountain Chickadee,Poecile gambeli,Paridae,Passeriformes
Chestnut-backed Chickadee,Poecile rufescens,Paridae,Passeriformes
Oak Titmouse,Baeolophus inornatus,Paridae,Passeriformes
Juniper Titmouse,Baeolophus ridgwayi,Paridae,Passeriformes
Verdin,Auriparus flaviceps,Remizidae,Passeriformes
Bushtit,Psaltriparus minimus,Aegithalidae,Passeriformes
Red-breasted Nuthatch,Sitta canadensis,Sittidae,Passeriformes
White-breasted Nuthatch,Sitta carolinensis,Sittidae,Passeriformes
Pygmy Nuthatch,Sitta pygmaea,Sittidae,Passeriformes
Brown Creeper,Certhia americana,Certhiidae,Passeriformes
Rock Wren,Salpinctes obsoletus,Troglodytidae,Passeriformes
Canyon Wren,Catherpes mexicanus,Troglodytidae,Passeriformes
House Wren,Troglodytes aedon,Troglodytidae,Passeriformes
Pacific Wren,Troglodytes pacificus,Troglodytidae,Passeriformes
Winter Wren,Troglodytes hiemalis A,Troglodytidae,Passeriformes
Sedge Wren,Cistothorus platensis A,Troglodytidae,Passeriformes
Marsh Wren,Cistothorus palustris,Troglodytidae,Passeriformes
Bewick's Wren,Thryomanes bewickii,Troglodytidae,Passeriformes
Cactus Wren,Campylorhynchus brunneicapillus,Troglodytidae,Passeriformes
Blue-gray Gnatcatcher,Polioptila caerulea,Polioptilidae,Passeriformes
California Gnatcatcher,Polioptila californica,Polioptilidae,Passeriformes
Black-tailed Gnatcatcher,Polioptila melanura,Polioptilidae,Passeriformes
American Dipper,Cinclus mexicanus,Cinclidae,Passeriformes
Red-whiskered Bulbul,Pycnonotus jocosus ,Pycnonotidae,Passeriformes
Golden-crowned Kinglet,Regulus satrapa,Regulidae,Passeriformes
Ruby-crowned Kinglet,Regulus calendula,Regulidae,Passeriformes
Yellow-browed Warbler,Phylloscopus inornatus ,Phylloscopidae,Passeriformes
Dusky Warbler,Phylloscopus fuscatus ,Phylloscopidae,Passeriformes
Arctic/Kamchatka Leaf Warbler,Phylloscopus borealis/examinandus ,Phylloscopidae,Passeriformes
Wrentit,Chamaea fasciata,Sylviidae,Passeriformes
Lanceolated Warbler,Locustella lanceolata ,Locustellidae,Passeriformes
Bluethroat,Cyanecula svecica ,Muscicapidae,Passeriformes
Red-flanked Bluetail,Tarsiger cyanurus ,Muscicapidae,Passeriformes
Taiga Flycatcher,Ficedula albicilla ,Muscicapidae,Passeriformes
Stonechat,Saxicola torquatus ,Muscicapidae,Passeriformes
Northern Wheatear,Oenanthe oenanthe ,Muscicapidae,Passeriformes
Western Bluebird,Sialia mexicana,Turdidae,Passeriformes
Mountain Bluebird,Sialia currucoides,Turdidae,Passeriformes
Townsend's Solitaire,Myadestes townsendi,Turdidae,Passeriformes
Veery,Catharus fuscescens A,Turdidae,Passeriformes
Gray-cheeked Thrush,Catharus minimus ,Turdidae,Passeriformes
Swainson's Thrush,Catharus ustulatus,Turdidae,Passeriformes
Hermit Thrush,Catharus guttatus,Turdidae,Passeriformes
Wood Thrush,Hylocichla mustelina ,Turdidae,Passeriformes
Eyebrowed Thrush,Turdus obscurus V,Turdidae,Passeriformes
Rufous-backed Robin,Turdus rufopalliatus ,Turdidae,Passeriformes
American Robin,Turdus migratorius,Turdidae,Passeriformes
Varied Thrush,Ixoreus naevius,Turdidae,Passeriformes
Gray Catbird,Dumetella carolinensis,Mimidae,Passeriformes
Curve-billed Thrasher,Toxostoma curvirostre ,Mimidae,Passeriformes
Brown Thrasher,Toxostoma rufum,Mimidae,Passeriformes
Bendire's Thrasher,Toxostoma bendirei,Mimidae,Passeriformes
California Thrasher,Toxostoma redivivum,Mimidae,Passeriformes
LeConte's Thrasher,Toxostoma lecontei,Mimidae,Passeriformes
Crissal Thrasher,Toxostoma crissale,Mimidae,Passeriformes
Sage Thrasher,Oreoscoptes montanus,Mimidae,Passeriformes
Northern Mockingbird,Mimus polyglottos,Mimidae,Passeriformes
European Starling,Sturnus vulgaris ,Sturnidae,Passeriformes
Bohemian Waxwing,Bombycilla garrulus,Bombycillidae,Passeriformes
Cedar Waxwing,Bombycilla cedrorum,Bombycillidae,Passeriformes
Phainopepla,Phainopepla nitens,Ptiliogonatidae,Passeriformes
Scaly-breasted Munia,Lonchura punctulata ,Estrildidae,Passeriformes
House Sparrow,Passer domesticus ,Passeridae,Passeriformes
Eastern Yellow Wagtail,Motacilla tschutschensis A,Motacillidae,Passeriformes
Citrine Wagtail,Motacilla citreola ,Motacillidae,Passeriformes
Gray Wagtail,Motacilla cinerea ,Motacillidae,Passeriformes
White Wagtail,Motacilla alba ,Motacillidae,Passeriformes
Olive-backed Pipit,Anthus hodgsoni ,Motacillidae,Passeriformes
Red-throated Pipit,Anthus cervinus,Motacillidae,Passeriformes
American Pipit,Anthus rubescens,Motacillidae,Passeriformes
Sprague's Pipit,Anthus spragueii,Motacillidae,Passeriformes
Brambling,Fringilla montifringilla V,Fringillidae,Passeriformes
Evening Grosbeak,Coccothraustes vespertinus,Fringillidae,Passeriformes
Common Rosefinch,Carpodacus erythrinus ,Fringillidae,Passeriformes
Pine Grosbeak,Pinicola enucleator,Fringillidae,Passeriformes
Gray-crowned Rosy-Finch,Leucosticte tephrocotis,Fringillidae,Passeriformes
Black Rosy-Finch,Leucosticte atrata ,Fringillidae,Passeriformes
House Finch,Haemorhous mexicanus,Fringillidae,Passeriformes
Purple Finch,Haemorhous purpureus,Fringillidae,Passeriformes
Cassin's Finch,Haemorhous cassinii,Fringillidae,Passeriformes
Oriental Greenfinch,Chloris sinica ,Fringillidae,Passeriformes
Common Redpoll,Acanthis flammea ,Fringillidae,Passeriformes
Red Crossbill,Loxia curvirostra,Fringillidae,Passeriformes
White-winged Crossbill,Loxia leucoptera ,Fringillidae,Passeriformes
Pine Siskin,Spinus pinus,Fringillidae,Passeriformes
Lesser Goldfinch,Spinus psaltria,Fringillidae,Passeriformes
Lawrence's Goldfinch,Spinus lawrencei,Fringillidae,Passeriformes
American Goldfinch,Spinus tristis,Fringillidae,Passeriformes
Lapland Longspur,Calcarius lapponicus,Calcariidae,Passeriformes
Chestnut-collared Longspur,Calcarius ornatus,Calcariidae,Passeriformes
Smith's Longspur,Calcarius pictus V,Calcariidae,Passeriformes
McCown's Longspur,Rhynchophanes mccownii,Calcariidae,Passeriformes
Snow Bunting,Plectrophenax nivalis ,Calcariidae,Passeriformes
Little Bunting,Emberiza pusilla ,Emberizidae,Passeriformes
Rustic Bunting,Emberiza rustica ,Emberizidae,Passeriformes
Cassin's Sparrow,Peucaea cassinii ,Passerellidae,Passeriformes
Grasshopper Sparrow,Ammodramus savannarum,Passerellidae,Passeriformes
Black-throated Sparrow,Amphispiza bilineata,Passerellidae,Passeriformes
Lark Sparrow,Chondestes grammacus,Passerellidae,Passeriformes
Lark Bunting,Calamospiza melanocorys,Passerellidae,Passeriformes
Chipping Sparrow,Spizella passerina,Passerellidae,Passeriformes
Clay-colored Sparrow,Spizella pallida,Passerellidae,Passeriformes
Black-chinned Sparrow,Spizella atrogularis,Passerellidae,Passeriformes
Field Sparrow,Spizella pusilla ,Passerellidae,Passeriformes
Brewer's Sparrow,Spizella breweri,Passerellidae,Passeriformes
Fox Sparrow,Passerella iliaca,Passerellidae,Passeriformes
American Tree Sparrow,Spizelloides arborea,Passerellidae,Passeriformes
Dark-eyed Junco,Junco hyemalis,Passerellidae,Passeriformes
White-crowned Sparrow,Zonotrichia leucophrys,Passerellidae,Passeriformes
Golden-crowned Sparrow,Zonotrichia atricapilla,Passerellidae,Passeriformes
Harris's Sparrow,Zonotrichia querula,Passerellidae,Passeriformes
White-throated Sparrow,Zonotrichia albicollis,Passerellidae,Passeriformes
Sagebrush Sparrow,Artemisiospiza nevadensis,Passerellidae,Passeriformes
Bell's Sparrow,Artemisiospiza belli,Passerellidae,Passeriformes
Vesper Sparrow,Pooecetes gramineus,Passerellidae,Passeriformes
LeConte's Sparrow,Ammospiza leconteii ,Passerellidae,Passeriformes
Nelson's Sparrow,Ammospiza nelsoni,Passerellidae,Passeriformes
Baird's Sparrow,Centronyx bairdii ,Passerellidae,Passeriformes
Savannah Sparrow,Passerculus sandwichensis,Passerellidae,Passeriformes
Song Sparrow,Melospiza melodia,Passerellidae,Passeriformes
Lincoln's Sparrow,Melospiza lincolnii,Passerellidae,Passeriformes
Swamp Sparrow,Melospiza georgiana,Passerellidae,Passeriformes
Abert's Towhee,Melozone aberti,Passerellidae,Passeriformes
California Towhee,Melozone crissalis,Passerellidae,Passeriformes
Rufous-crowned Sparrow,Aimophila ruficeps,Passerellidae,Passeriformes
Green-tailed Towhee,Pipilo chlorurus,Passerellidae,Passeriformes
Spotted Towhee,Pipilo maculatus,Passerellidae,Passeriformes
Yellow-breasted Chat,Icteria virens,Icteriidae,Passeriformes
Yellow-headed Blackbird,Xanthocephalus xanthocephalus,Icteridae,Passeriformes
Bobolink,Dolichonyx oryzivorus,Icteridae,Passeriformes
Eastern Meadowlark,Sturnella magna A,Icteridae,Passeriformes
Western Meadowlark,Sturnella neglecta,Icteridae,Passeriformes
Orchard Oriole,Icterus spurius,Icteridae,Passeriformes
Hooded Oriole,Icterus cucullatus,Icteridae,Passeriformes
Streak-backed Oriole,Icterus pustulatus ,Icteridae,Passeriformes
Bullock's Oriole,Icterus bullockii,Icteridae,Passeriformes
Baltimore Oriole,Icterus galbula,Icteridae,Passeriformes
Scott's Oriole,Icterus parisorum,Icteridae,Passeriformes
Red-winged Blackbird,Agelaius phoeniceus,Icteridae,Passeriformes
Tricolored Blackbird,Agelaius tricolor,Icteridae,Passeriformes
Bronzed Cowbird,Molothrus aeneus,Icteridae,Passeriformes
Brown-headed Cowbird,Molothrus ater,Icteridae,Passeriformes
Rusty Blackbird,Euphagus carolinus,Icteridae,Passeriformes
Brewer's Blackbird,Euphagus cyanocephalus,Icteridae,Passeriformes
Common Grackle,Quiscalus quiscula ,Icteridae,Passeriformes
Great-tailed Grackle,Quiscalus mexicanus,Icteridae,Passeriformes
Ovenbird,Seiurus aurocapilla,Parulidae,Passeriformes
Worm-eating Warbler,Helmitheros vermivorum ,Parulidae,Passeriformes
Louisiana Waterthrush,Parkesia motacilla ,Parulidae,Passeriformes
Northern Waterthrush,Parkesia noveboracensis,Parulidae,Passeriformes
Golden-winged Warbler,Vermivora chrysoptera ,Parulidae,Passeriformes
Blue-winged Warbler,Vermivora cyanoptera ,Parulidae,Passeriformes
Black-and-white Warbler,Mniotilta varia,Parulidae,Passeriformes
Prothonotary Warbler,Protonotaria citrea,Parulidae,Passeriformes
Tennessee Warbler,Leiothlypis peregrina,Parulidae,Passeriformes
Orange-crowned Warbler,Leiothlypis celata,Parulidae,Passeriformes
Lucy's Warbler,Leiothlypis luciae,Parulidae,Passeriformes
Nashville Warbler,Leiothlypis ruficapilla,Parulidae,Passeriformes
Virginia's Warbler,Leiothlypis virginiae,Parulidae,Passeriformes
Connecticut Warbler,Oporornis agilis ,Parulidae,Passeriformes
MacGillivray's Warbler,Geothlypis tolmiei,Parulidae,Passeriformes
Mourning Warbler,Geothlypis philadelphia ,Parulidae,Passeriformes
Kentucky Warbler,Geothlypis formosa ,Parulidae,Passeriformes
Common Yellowthroat,Geothlypis trichas,Parulidae,Passeriformes
Hooded Warbler,Setophaga citrina,Parulidae,Passeriformes
American Redstart,Setophaga ruticilla,Parulidae,Passeriformes
Cape May Warbler,Setophaga tigrina ,Parulidae,Passeriformes
Cerulean Warbler,Setophaga cerulea ,Parulidae,Passeriformes
Northern Parula,Setophaga americana,Parulidae,Passeriformes
Tropical Parula,Setophaga pitiayumi V,Parulidae,Passeriformes
Magnolia Warbler,Setophaga magnolia,Parulidae,Passeriformes
Bay-breasted Warbler,Setophaga castanea,Parulidae,Passeriformes
Blackburnian Warbler,Setophaga fusca,Parulidae,Passeriformes
Yellow Warbler,Setophaga petechia,Parulidae,Passeriformes
Chestnut-sided Warbler,Setophaga pensylvanica,Parulidae,Passeriformes
Blackpoll Warbler,Setophaga striata,Parulidae,Passeriformes
Black-throated Blue Warbler,Setophaga caerulescens,Parulidae,Passeriformes
Palm Warbler,Setophaga palmarum,Parulidae,Passeriformes
Pine Warbler,Setophaga pinus,Parulidae,Passeriformes
Yellow-rumped Warbler,Setophaga coronata,Parulidae,Passeriformes
Yellow-throated Warbler,Setophaga dominica,Parulidae,Passeriformes
Prairie Warbler,Setophaga discolor,Parulidae,Passeriformes
Grace's Warbler,Setophaga graciae ,Parulidae,Passeriformes
Black-throated Gray Warbler,Setophaga nigrescens,Parulidae,Passeriformes
Townsend's Warbler,Setophaga townsendi,Parulidae,Passeriformes
Hermit Warbler,Setophaga occidentalis,Parulidae,Passeriformes
Golden-cheeked Warbler,Setophaga chrysoparia ,Parulidae,Passeriformes
Black-throated Green Warbler,Setophaga virens,Parulidae,Passeriformes
Canada Warbler,Cardellina canadensis,Parulidae,Passeriformes
Wilson's Warbler,Cardellina pusilla,Parulidae,Passeriformes
Red-faced Warbler,Cardellina rubrifrons ,Parulidae,Passeriformes
Painted Redstart,Myioborus pictus,Parulidae,Passeriformes
Hepatic Tanager,Piranga flava,Cardinalidae,Passeriformes
Summer Tanager,Piranga rubra,Cardinalidae,Passeriformes
Scarlet Tanager,Piranga olivacea,Cardinalidae,Passeriformes
Western Tanager,Piranga ludoviciana,Cardinalidae,Passeriformes
Northern Cardinal,Cardinalis cardinalis,Cardinalidae,Passeriformes
Pyrrhuloxia,Cardinalis sinuatus ,Cardinalidae,Passeriformes
Rose-breasted Grosbeak,Pheucticus ludovicianus,Cardinalidae,Passeriformes
Black-headed Grosbeak,Pheucticus melanocephalus,Cardinalidae,Passeriformes
Blue Grosbeak,Passerina caerulea,Cardinalidae,Passeriformes
Lazuli Bunting,Passerina amoena,Cardinalidae,Passeriformes
Indigo Bunting,Passerina cyanea,Cardinalidae,Passeriformes
Varied Bunting,Passerina versicolor ,Cardinalidae,Passeriformes
Painted Bunting,Passerina ciris,Cardinalidae,Passeriformes
Dickcissel,Spiza americana,Cardinalidae,Passeriformes